<chapter id="chapter_api_reference">
	<title>Programmer Reference</title>
	<para>You only need to refer to the API documentation if you plan to write new persisters, application-specific modules, or log analysis utilities. 
	For most applications the provided tools should be adequate.
	<segmentedlist><?dbhtml list-presentation="table"?>
		<title>API Modules</title>
		<segtitle>JavaDocs</segtitle>
		<segtitle>Description</segtitle>
		<seglistitem>
			<seg><ulink url="../../api/core/index.html">Beet Core API</ulink></seg>
			<seg>beet core interfaces and utility classes.  
			This library is packaged as <literal>beet-[version].jar</literal>.
			This package contains interfaces you must implement for custom persistence 
			mechanisms and user identity providers.</seg>
		</seglistitem>
		<seglistitem>
			<seg><ulink url="../../api/utils/index.html">Beet Utils API</ulink></seg>
			<seg>is a library useful for manipulating common behavior tracking log formats.  These
			tools are primarily intended for command line use, but can be programmatically extended
			to support custom data loaders.  This API is packaged as beet-utils-[version].jar.</seg>
		</seglistitem>
	</segmentedlist>
	</para>
	<section>
		<title>Third-party Dependencies</title>
		<para>Beet is obviously built for and depends on Spring Framework.  There are also a handful of other
		open source tools distributed with beet.  The <ulink url="http://beet.sourceforge.net/dependencies">Ivy Dependency Report</ulink>
		contains a technical summary of third-party library requirements for compilation, testing, and deployment. 
		Here is a more practical summary of libraries required by beet-core and beet-utils at runtime:
			<segmentedlist><?dbhtml list-presentation="table"?>
				<title>Beet Third-Party Dependencies</title>
				<segtitle>Project</segtitle>
				<segtitle>Required By</segtitle>
				<segtitle>Included?</segtitle>
				<segtitle>Description</segtitle>
				<segtitle>License</segtitle>
				<segtitle>Home Page</segtitle>
				<segtitle>Supported</segtitle>
				<seglistitem>
					<seg><?dbhtml term-width="30ex"?>
						<para>Spring Framework</para><para>file(s): spring.jar</para>
					</seg>
					<seg>Beet Core</seg>
					<seg>No</seg>
					<seg>At present, Beet is foremost an add-on tool for Spring applications.
					Because it is intended to augment an existing application (and to reduce download
					size), Spring itself is not included with a Beet release.</seg>
					<seg><ulink url="http://www.apache.org/licenses/LICENSE-2.0.html">Apache Software License, 2.0</ulink></seg>
					<seg><ulink url="http://www.springframework.org">springframework.org</ulink></seg>
					<seg>2.0.*, 2.5.*</seg>
				</seglistitem>
				<seglistitem>
					<seg>
						<para>Quartz</para>
						<para>file(s): quartz-all.jar</para>
					</seg>
					<seg>Beet Core</seg>
					<seg>Yes</seg>
					<seg>Beet uses the Quartz scheduler to periodically flush events and rotate log files.  Spring
					features strong Quartz integration features of its own, so your application may already include
					the Quartz scheduler jar.</seg>
					<seg><ulink url="http://www.apache.org/licenses/LICENSE-2.0.html">Apache Software License, 2.0</ulink></seg>
					<seg><ulink url="http://www.opensymphony.com/quartz/">opensymphony.com/quartz</ulink></seg>
					<seg>1.6.0</seg>
				</seglistitem>
				<seglistitem>
					<seg><para>AspectJ</para><para>file(s): aspectjrt.jar, aspectjweaver.jar</para></seg>
					<seg>Beet Core</seg>
					<seg>Yes</seg>
					<seg>Beet uses AspectJ pointcuts to implement Java method monitoring.</seg>
					<seg><ulink url="http://www.mozilla.org/MPL/MPL-1.1.html">Mozilla Public License, 1.1</ulink></seg>
					<seg><ulink url="http://www.eclipse.org/aspectj/">www.eclipse.org/aspectj</ulink></seg>
					<seg>1.5.3</seg>
				</seglistitem>
				<seglistitem>
					<seg><para>Code Generation Library</para><para>file(s): cglib.jar</para></seg>
					<seg>Beet Core</seg>
					<seg>Yes</seg>
					<seg>CGLib is a dependency of Spring AOP, required if you want to monitor the execution times of
					Java classes that do <emphasis>not</emphasis> implement a business interface.  If all of your
					Java classes implement at least one interface, you do not necessarily need to include cglib in your
					application.</seg>
					<seg><ulink url="http://www.apache.org/licenses/LICENSE-1.1">Apache Software License, 1.1</ulink></seg>
					<seg><ulink url="http://cglib.sourceforge.net/">cglib.sourceforge.net</ulink></seg>
					<seg>2.1.3</seg>
				</seglistitem>
				<seglistitem>
					<seg><para>ASM</para><para>file(s): asm.jar</para></seg>
					<seg>Beet Core</seg>
					<seg>Yes</seg>
					<seg>ASM is a requirement of cglib.  If you don't use cglib, you can also remove ASM.</seg>
					<seg><ulink url="http://asm.ow2.org/license.html">ASM Project License</ulink></seg>
					<seg><ulink url="http://asm.ow2.org/">asm.ow2.org</ulink></seg>
					<seg>1.5.3</seg>
				</seglistitem>
				<seglistitem>
					<seg><para>Apache Commons Logging</para><para>file(s): commons-logging.jar</para></seg>
					<seg>Beet Core, Beet Utils</seg>
					<seg>Yes</seg>
					<seg>Beet classes use the commons-logging framework to log diagnostic and information messages.
					A supported version of the commons-logging jar is required for all uses of Beet.</seg>
					<seg><ulink url="http://www.apache.org/licenses/LICENSE-2.0.html">Apache Software License, 2.0</ulink></seg>
					<seg><ulink url="http://commons.apache.org/logging/">commons.apache.org/logging</ulink></seg>
					<seg>1.1.1</seg>
				</seglistitem>
				<seglistitem>
					<seg><para>FastInfoset</para><para>file(s): FastInfoset.jar</para></seg>
					<seg>Beet Core, Beet Utils</seg>
					<seg>Yes</seg>
					<seg>The Beet XML persister and beet-utils use the FastInfoset encoding when Binary XML logging
					is specified.  If you do not use the XML persister, or disable binary logging, you do not need this jar.</seg>
					<seg><ulink url="http://www.apache.org/licenses/LICENSE-2.0.html">Apache Software License, 2.0</ulink></seg>
					<seg><ulink url="https://fi.dev.java.net/">fi.dev.java.net</ulink></seg>
					<seg>1.2.2</seg>
				</seglistitem>
				<seglistitem>
					<seg><para>StAX API</para><para>file(s): stax-api.jar</para></seg>
					<seg>Beet Core, Beet Utils, <emphasis role="bold">Java 5 only</emphasis></seg>
					<seg>Yes</seg>
					<seg>The Beet XML persister and beet-utils use the XML streaming API for reading
					and writing log data.  If your app runs in a Java 6 SDK, or if you do not intend
					to use the XML persister, you do not have to include this jar.</seg>
					<seg><ulink url="http://www.apache.org/licenses/LICENSE-2.0.html">Apache Software License, 2.0</ulink></seg>
					<seg><ulink url="http://stax.codehaus.org/Home">stax.codehaus.org</ulink></seg>
					<seg>1.0.1</seg>
				</seglistitem>
				<seglistitem>
					<seg><para>StAX Implementation</para><para>file(s): stax-impl.jar</para></seg>
					<seg>Beet Core, Beet Utils, <emphasis role="bold">Java 5 only</emphasis></seg>
					<seg>Yes</seg>
					<seg>The Beet XML persister and beet-utils use the XML streaming API for reading
					and writing log data.  If your app runs in a Java 6 SDK, or if you do not intend
					to use the XML persister, you do not have to include this jar.</seg>
					<seg><ulink url="http://www.apache.org/licenses/LICENSE-2.0.html">Apache Software License, 2.0</ulink></seg>
					<seg><ulink url="http://stax.codehaus.org/Home">stax.codehaus.org</ulink></seg>
					<seg>1.2.0</seg>
				</seglistitem>
				<seglistitem>
					<seg><para>SAXON</para><para>file(s): saxon.jar, saxon-dom.jar</para></seg>
					<seg>Beet Utils</seg>
					<seg>Yes</seg>
					<seg>The beet-utils XSLT tool uses saxon to execute stylesheet transformations.  We require
					a versatile XSLT 2.0 processor, of which saxon is a leading example.</seg>
					<seg><ulink url="http://www.mozilla.org/MPL/MPL-1.0.html">Mozilla Public License, 1.0</ulink></seg>
					<seg><ulink url="http://saxon.sourceforge.net">saxon.sourceforge.net</ulink></seg>
					<seg>8.8</seg>
				</seglistitem>
				<seglistitem>
					<seg><para>xerces</para><para>file(s): xercesImpl.jar</para></seg>
					<seg>Beet Utils</seg>
					<seg>Yes</seg>
					<seg>beet-utils uses some xerces-specific XML APIs to process log files.</seg>
					<seg><ulink url="http://www.apache.org/licenses/LICENSE-1.1">Apache Software License, 1.1</ulink></seg>
					<seg><ulink url="http://xerces.apache.org/xerces-j/">xerces.apache.org/xerces-j</ulink></seg>
					<seg>2.8.1</seg>
				</seglistitem>
			</segmentedlist>
		</para>
	</section>
	
</chapter>
